{"cameraMode":{"drawMode":0,"name":"Shaded","section":"Shading Mode"},"sceneLighting":true,"audioPlay":false,"sceneViewState":{"showFog":true,"showMaterialUpdate":false,"showSkybox":true,"showFlares":true,"showImageEffects":true,"showParticleSystems":true},"in2DMode":false,"pivot":{"x":38.22336196899414,"y":12.018600463867188,"z":13.894119262695313},"rotation":{"x":-0.0841868445277214,"y":-0.02331688441336155,"z":0.0019707658793777229,"w":-0.9961766004562378},"size":57.832916259765628,"orthographic":false}