{"cameraMode":{"drawMode":0,"name":"Shaded","section":"Shading Mode"},"sceneLighting":false,"audioPlay":false,"sceneViewState":{"showFog":true,"showMaterialUpdate":false,"showSkybox":false,"showFlares":true,"showImageEffects":true,"showParticleSystems":true},"in2DMode":false,"pivot":{"x":36.26888656616211,"y":0.43999993801116946,"z":10.0},"rotation":{"x":0.002690933644771576,"y":-0.021902384236454965,"z":-0.00005527483153855428,"w":-0.9997878670692444},"size":6.801853656768799,"orthographic":false}